product id,review_text
"hp-victus-15fd0572TU, FHD Camera w/Shutter, Backlit Laptop","To move between items, use your keyboard's up or down arrows."
"hp-victus-15fd0572TU, FHD Camera w/Shutter, Backlit Laptop","Acko 1 Year Extended Warranty for Laptops from Rs 40,000 to Rs 60,000 (E-mail delivery)"
"hp-victus-15fd0572TU, FHD Camera w/Shutter, Backlit Laptop",Plan is valid up to 1 year post manufacturer comprehensive warranty ends.
"hp-victus-15fd0572TU, FHD Camera w/Shutter, Backlit Laptop",Plan is email delivered and auto activated if purchased along with appliance on Amazon.
"hp-victus-15fd0572TU, FHD Camera w/Shutter, Backlit Laptop","Wear and tear, theft, accessories, intentional damages, and brand warranty exclusions are not covered."
"hp-victus-15fd0572TU, FHD Camera w/Shutter, Backlit Laptop",How to claim: Option A: Go to Acko.com >> Enter your mobile number >> file claim. Option B: Download Acko mobile app >> Enter your mobile number >> file claim. Option C: Go to Your Orders on Amazon app >> Get Product Support >> Schedule a repair.
"hp-victus-15fd0572TU, FHD Camera w/Shutter, Backlit Laptop",This price is exclusively for Amazon Prime members.
"hp-victus-15fd0572TU, FHD Camera w/Shutter, Backlit Laptop",Includes initial monthly payment and selected options.
"hp-victus-15fd0572TU, FHD Camera w/Shutter, Backlit Laptop",The enhancements that you chose are not available for this seller.
"hp-victus-15fd0572TU, FHD Camera w/Shutter, Backlit Laptop","To add the following enhancements to your purchase, choose a different seller."
"hp-victus-15fd0572TU, FHD Camera w/Shutter, Backlit Laptop",${cardName} not available for the seller that you chose
"hp-victus-15fd0572TU, FHD Camera w/Shutter, Backlit Laptop",${cardName} unavailable for quantities greater than ${maxQuantity}.
"hp-victus-15fd0572TU, FHD Camera w/Shutter, Backlit Laptop","At checkout, you can add a custom message, a gift receipt for easy returns and have the item gift-wrapped"
"hp-victus-15fd0572TU, FHD Camera w/Shutter, Backlit Laptop",OneAssist 2 Years Total Protection Plan for Laptop Between INR 40001-50000 (E-Mail Delivery Only)
"hp-victus-15fd0572TU, FHD Camera w/Shutter, Backlit Laptop",Total Protection: Secure your Laptops from any accidental and liquid damage or electrical/mechanical failure for an extended period - digitally delivered in your registered e-mail within 24 hours with an easy 2-step activation process and a completely digital journey for the user
"hp-victus-15fd0572TU, FHD Camera w/Shutter, Backlit Laptop","What's covered: –2 years coverage on any external Accidental and Liquid Damage caused unintentionally -additional 1 year of coverage of mechanical or electrical failures as covered by the device’s brand warranty - Multiple Claims up to Sum Insured - Sum Insured up to 55% of the device invoice value for ADLD, 100% of the device invoice value for extended warranty cover - Repairs from Brand Authorized Service Centres - 24*7 Call center support"
"hp-victus-15fd0572TU, FHD Camera w/Shutter, Backlit Laptop",What's not covered: - Any Intentional damage/loss - unauthorized/ third party repairs - cosmetic damages - accessories loss/damage
"hp-victus-15fd0572TU, FHD Camera w/Shutter, Backlit Laptop","For your convenience: Easy Claim Process: Download the app, OneAssist from the App Store or Play Store or Visit our website www.oneassist.in, or Call our 24x7 operational customer support at 1800-123-3330"
"hp-victus-15fd0572TU, FHD Camera w/Shutter, Backlit Laptop","Disclaimer: The plan can be purchased only along with the product. The user must be 18 years or older. Only valid for products with a minimum 1-YEAR Brand warranty in India. The combined Sum Insured i.e., ADLD + EW cover shall not exceed 100% of the device invoice value.The plan cancellation window is 15 days and the customer needs to inform OA via buyer/seller message or via OA chatbot and OA App."
"hp-victus-15fd0572TU, FHD Camera w/Shutter, Backlit Laptop",There was an error retrieving your Wish Lists. Please try again.
"hp-victus-15fd0572TU, FHD Camera w/Shutter, Backlit Laptop","hp-victus-15fd0572TU, FHD Camera w/Shutter, Backlit Laptop"
"hp-victus-15fd0572TU, FHD Camera w/Shutter, Backlit Laptop","The bank will continue to charge interest on No Cost EMI plans as per existing rates. However, the interest to be charged by the bank will be passed on to you as an upfront discount."
"hp-victus-15fd0572TU, FHD Camera w/Shutter, Backlit Laptop","EMI options may be available from other banks on payments page based on the total order amount.To know more about EMI offers (including No-cost-EMI and bank discounts) ,click here"
"hp-victus-15fd0572TU, FHD Camera w/Shutter, Backlit Laptop",About No Cost EMI on credit/debit cards: interest to be charged by the bank will be given as upfront discount on payment page.Know more
"hp-victus-15fd0572TU, FHD Camera w/Shutter, Backlit Laptop",Click to read EMI  FAQandT&Cs.Know more about other products -Bajaj FinServ EMI
"hp-victus-15fd0572TU, FHD Camera w/Shutter, Backlit Laptop","Pay in easy installment without a credit/debit card. For No cost EMI you pay only the product price, equally divided over your repayment timeline"
"hp-victus-15fd0572TU, FHD Camera w/Shutter, Backlit Laptop",Congratulations!You are eligible for Debit Card EMI from below banks
"hp-victus-15fd0572TU, FHD Camera w/Shutter, Backlit Laptop",About No Cost EMI: interest to be charged by the bank will be given as upfront discount on payment page. Clickhereto check your limit.
"hp-victus-15fd0572TU, FHD Camera w/Shutter, Backlit Laptop",You will be charged a processing fee of ₹299 by HDFC.Know more
"hp-victus-15fd0572TU, FHD Camera w/Shutter, Backlit Laptop","Pay in easy installments, no minimum balance required at the time of transaction."
"hp-victus-15fd0572TU, FHD Camera w/Shutter, Backlit Laptop","To know more about Debit EMI eligibility and how it worksclick hereTo know more about other products -No Cost EMI,Bajaj FinServ EMI,ZestMoney EMI"
"hp-victus-15fd0572TU, FHD Camera w/Shutter, Backlit Laptop",Additional Flat INR 1000 Instant Discount on SBI Bank Credit Card TXN. Minimum purchase value INR 15000
"hp-victus-15fd0572TU, FHD Camera w/Shutter, Backlit Laptop",Avail No Cost EMI on select cards for orders above ₹3000
"hp-victus-15fd0572TU, FHD Camera w/Shutter, Backlit Laptop",HP will provide On-call support followed by a technician inspection at your location.
"hp-victus-15fd0572TU, FHD Camera w/Shutter, Backlit Laptop","HP expert will repair the product or provide a replacement or service letter, as applicable. Time taken for resolution will be as per HP policies"
"hp-victus-15fd0572TU, FHD Camera w/Shutter, Backlit Laptop",Returns will not be accepted if it is an Open Box Delivery order
"hp-victus-15fd0572TU, FHD Camera w/Shutter, Backlit Laptop",Remote verification by image/video will be done by Amazon
"hp-victus-15fd0572TU, FHD Camera w/Shutter, Backlit Laptop","During on-call support, you may be prompted to download a diagnostic app or upload an image for verification. Further inspection or repair will be done at your doorstep by HP as per their warranty policies."
"hp-victus-15fd0572TU, FHD Camera w/Shutter, Backlit Laptop",Keep the item in its original condition and packaging along with the MRP tag and accessories. Unlock the device and remove the login password for a successful pickup.
"hp-victus-15fd0572TU, FHD Camera w/Shutter, Backlit Laptop","1 year manufacturer warranty on the device from the date of purchase.1-click Warranty support, on Amazon for malfunction arising from manufacturing defects.Get Brand Authorized service, genuine parts and a paperless warranty claim experience through your Amazon account. Hassle free process with complete visibility to every step of your warranty claimFor claiming warranty, A) Go to Your orders section, B) Select the product, C) Click on Get product support and D) Schedule an appointment.Read more"
"hp-victus-15fd0572TU, FHD Camera w/Shutter, Backlit Laptop","Top Brand indicates high quality, trusted brands on Amazon aggregated basis verified ratings, returns/refunds and recent order history at brand level."
"hp-victus-15fd0572TU, FHD Camera w/Shutter, Backlit Laptop","We work hard to protect your security and privacy. Our payment security system encrypts your information during transmission. We don’t share your credit card details with third-party sellers, and we don’t sell your information to others.Learn more"
"hp-victus-15fd0572TU, FHD Camera w/Shutter, Backlit Laptop",The product is eligible for Free delivery.Learn more
"hp-victus-15fd0572TU, FHD Camera w/Shutter, Backlit Laptop","Brief content visible, double tap to read full content."
"hp-victus-15fd0572TU, FHD Camera w/Shutter, Backlit Laptop","Full content visible, double tap to read brief content."
"hp-victus-15fd0572TU, FHD Camera w/Shutter, Backlit Laptop","Processor, Memory & Storage: Intel Core i3-1315U (up to 4.5 GHz with Intel Turbo Boost Technology 10 MB L3 cache, 6 cores, 8 threads)| Memory: 8 GB DDR4-3200 MT/s (1 x 8 GB)| Storage: 512 GB PCIe Gen4 NVMe M.2 SSD"
"hp-victus-15fd0572TU, FHD Camera w/Shutter, Backlit Laptop",Operating System & Preinstalled Software: Windows 11 Home Single Language | MS Office Home 2024 |1 year Microsoft 365 Basic Free|
"hp-victus-15fd0572TU, FHD Camera w/Shutter, Backlit Laptop","Display & Graphics: 15.6"" diagonal, FHD (1920 x 1080), micro-edge, anti-glare, 250 nits, 45% NTSC| Graphics: Intel UHD Graphics"
"hp-victus-15fd0572TU, FHD Camera w/Shutter, Backlit Laptop",Ports & Connectivity :1 USB Type-C 5Gbps signaling rate (supports data transfer only and does not support charging or external monitors); 2 USB Type-A 5Gbps signaling rate; 1 AC smart pin; 1 HDMI 1.4b; 1 headphone/microphone combo| Connectivity: Realtek Wi-Fi 6 (2x2) and Bluetooth 5.3 wireless card (supporting gigabit data rate)
"hp-victus-15fd0572TU, FHD Camera w/Shutter, Backlit Laptop","Other Features: Camera: HP True Vision 1080p FHD camera with temporal noise reduction and Integrated dual array digital microphones| Keyboard: Full-size, backlit, soft grey keyboard with numeric keypad| Audio: Dual speakers"
"hp-victus-15fd0572TU, FHD Camera w/Shutter, Backlit Laptop","HP 15 (i5 14th Gen), Intel Core 5, 16GB RAM (Upgradeable), 512GB SSD, FHD, Anti-Gla..."
"hp-victus-15fd0572TU, FHD Camera w/Shutter, Backlit Laptop","HP 14 Smartchoice, Intel Core Ultra 5 125H 12 TOPS, 24GB DDR5 (Upgradeable) 1TB…"
"hp-victus-15fd0572TU, FHD Camera w/Shutter, Backlit Laptop","Dell 15, 13th Gen Intel Core i5-1334U (16GB DDR4, 512GB SSD) Anti-Glare FHD 15.6""/3..."
"hp-victus-15fd0572TU, FHD Camera w/Shutter, Backlit Laptop","Dell 15 (Previously Inspiron) Laptop, 14th Gen Intel Core i3/Core 3 100U Processor,..."
"hp-victus-15fd0572TU, FHD Camera w/Shutter, Backlit Laptop","Acer Smartchoice Aspire One, AMD Ryzen 5-40, 8GB LPDDR5 RAM/ 512GB SSD, 14.0""…"
"hp-victus-15fd0572TU, FHD Camera w/Shutter, Backlit Laptop","hp-victus-15fd0572TU, FHD Camera w/Shutter, Backlit LaptopShare:"
"hp-victus-15fd0572TU, FHD Camera w/Shutter, Backlit Laptop",#282 in Computers & Accessories (See Top 100 in Computers & Accessories)
"hp-victus-15fd0572TU, FHD Camera w/Shutter, Backlit Laptop","HP 15, AMD Ryzen 7 5825U, 16GB DDR4, 512GB SSD, 15.6-inch(39.6cm) Anti…"
"hp-victus-15fd0572TU, FHD Camera w/Shutter, Backlit Laptop","HP Victus, AMD Ryzen 7 7445HS, 4GB RTX 2050, 16GB DDR5(Upgradable) 512GB SSD, FHD, ..."
"hp-victus-15fd0572TU, FHD Camera w/Shutter, Backlit Laptop","HP 15 Laptop | AMD Ryzen 7 5825U |16GB DDR4 RAM | 512GB SSD |15.6"" (39.6 cm)…"
"hp-victus-15fd0572TU, FHD Camera w/Shutter, Backlit Laptop","HP Envy x360 AI Laptop, Intel Core Ultra 5 125U, 12 TOPS, 16GB LPDDR5, 512GB SSD,…"
"hp-victus-15fd0572TU, FHD Camera w/Shutter, Backlit Laptop","To calculate the overall star rating and percentage breakdown by star, we don’t use a simple average. Instead, our system considers things like how recent a review is and if the reviewer bought the item on Amazon. It also analyses reviews to verify trustworthiness."
"hp-victus-15fd0572TU, FHD Camera w/Shutter, Backlit Laptop","Customers find the laptop to be of good quality and value for money. However, the battery life receives negative feedback, with customers reporting poor backup performance."
"hp-victus-15fd0572TU, FHD Camera w/Shutter, Backlit Laptop","16 customers mention quality, 12 positive, 4 negative"
"hp-victus-15fd0572TU, FHD Camera w/Shutter, Backlit Laptop","Customers find the laptop to be of good quality, with one customer noting its premium feel."
"hp-victus-15fd0572TU, FHD Camera w/Shutter, Backlit Laptop","Battery is heating, display is not good, no battery backup, not at all good buy"
"hp-victus-15fd0572TU, FHD Camera w/Shutter, Backlit Laptop","...Overall, I have no complaints about the laptop itself — it’s a"
"hp-victus-15fd0572TU, FHD Camera w/Shutter, Backlit Laptop",", reliable machine with solid features for the price range...."
"hp-victus-15fd0572TU, FHD Camera w/Shutter, Backlit Laptop","5 customers mention price-friendly, 5 positive, 0 negative"
"hp-victus-15fd0572TU, FHD Camera w/Shutter, Backlit Laptop",Customers find the laptop offers good value for money.
"hp-victus-15fd0572TU, FHD Camera w/Shutter, Backlit Laptop","...really good and feels premium, especially considering it’s a"
"hp-victus-15fd0572TU, FHD Camera w/Shutter, Backlit Laptop","7 customers mention battery life, 2 positive, 5 negative"
"hp-victus-15fd0572TU, FHD Camera w/Shutter, Backlit Laptop",Customers are dissatisfied with the battery life of the laptop.
"hp-victus-15fd0572TU, FHD Camera w/Shutter, Backlit Laptop",The product was in good condition BUT I HAVE NOT RECEIVED ANY WARRANTY CARD WITH SEAL & SIGN
"hp-victus-15fd0572TU, FHD Camera w/Shutter, Backlit Laptop",There was a problem filtering reviews. Please reload the page.
"hp-victus-15fd0572TU, FHD Camera w/Shutter, Backlit Laptop","Sorry, we failed to record your vote. Please try again"
"hp-victus-15fd0572TU, FHD Camera w/Shutter, Backlit Laptop","Sorry, We failed to report this review. Please try again"
"hp-victus-15fd0572TU, FHD Camera w/Shutter, Backlit Laptop","Good Laptop — but Warranty Issue Created by Amazon(Clicktech retail) , Not HP (Read if You're Facing the Same Problem)"
"hp-victus-15fd0572TU, FHD Camera w/Shutter, Backlit Laptop","I purchased this HP laptop on 28th September 2025, mainly because it had everything I needed specially a backlit keyboard as mentioned in the catalogue — and yes, it indeed has one."
"hp-victus-15fd0572TU, FHD Camera w/Shutter, Backlit Laptop","The laptop looks really good and feels premium, especially considering it’s a budget-friendly HP. Build quality is neat, the design is sleek, and since it’s HP, reliability is something you can count on."
"hp-victus-15fd0572TU, FHD Camera w/Shutter, Backlit Laptop","Performance-wise, it’s smooth for everyday use — browsing, office work, entertainment — all run without any hiccups."
"hp-victus-15fd0572TU, FHD Camera w/Shutter, Backlit Laptop","If you’re getting this laptop for around ₹33K–₹34K, it’s a solid deal."
"hp-victus-15fd0572TU, FHD Camera w/Shutter, Backlit Laptop","Display: Could’ve been a little better, but still acceptable for normal use."
"hp-victus-15fd0572TU, FHD Camera w/Shutter, Backlit Laptop",Main Issue – Warranty Confusion: This part was not HP’s fault but Amazon’s.
"hp-victus-15fd0572TU, FHD Camera w/Shutter, Backlit Laptop","When I checked the HP Support site, my warranty was showing as starting from 25th March 2025, which was six months before I actually bought the laptop. Apparently, that’s the date the seller imported it from China - and this happens often with HP laptops sold by third-party sellers."
"hp-victus-15fd0572TU, FHD Camera w/Shutter, Backlit Laptop","So effectively, I was left with only about 8 months of warranty instead of 1 year."
"hp-victus-15fd0572TU, FHD Camera w/Shutter, Backlit Laptop","I contacted HP support, and they asked for the purchase invoice to update the warranty."
"hp-victus-15fd0572TU, FHD Camera w/Shutter, Backlit Laptop","After this, I spent weeks calling both HP and Amazon - endless waiting, repeated explanations, lots of assurances but no actual solution."
"hp-victus-15fd0572TU, FHD Camera w/Shutter, Backlit Laptop","Finally, after persistence, I managed to get it fixed :- here’s how 👇"
"hp-victus-15fd0572TU, FHD Camera w/Shutter, Backlit Laptop",✅ What You Should Do If You’re Facing the Same Problem
"hp-victus-15fd0572TU, FHD Camera w/Shutter, Backlit Laptop",1. Always ask to speak to a senior or escalation team — both on HP and Amazon sides. Regular customer service agents usually can’t resolve this.
"hp-victus-15fd0572TU, FHD Camera w/Shutter, Backlit Laptop",2. Don’t waste time repeatedly explaining your issue to first-level representatives — escalate right away.
"hp-victus-15fd0572TU, FHD Camera w/Shutter, Backlit Laptop","5. Share that official email with HP support, and request them to manually update your warranty period."
"hp-victus-15fd0572TU, FHD Camera w/Shutter, Backlit Laptop","6. Keep following up patiently — it takes effort, but HP can fix it if you provide all the required proof."
"hp-victus-15fd0572TU, FHD Camera w/Shutter, Backlit Laptop","Overall, I have no complaints about the laptop itself — it’s a good, reliable machine with solid features for the price range."
"hp-victus-15fd0572TU, FHD Camera w/Shutter, Backlit Laptop","But the warranty issue is something you should be aware of before buying. The fault lies with Amazon for not printing the serial number on the invoice, which creates unnecessary frustration for customers."
"hp-victus-15fd0572TU, FHD Camera w/Shutter, Backlit Laptop",BUT I HAVE NOT RECEIVED ANY WARRANTY CARD WITH SEAL & SIGN
"hp-victus-15fd0572TU, FHD Camera w/Shutter, Backlit Laptop",This product is waste it is not worth buying within 6 months my laptop internal screen got damaged the display quality is very poor it performance also very poor
"hp-victus-15fd0572TU, FHD Camera w/Shutter, Backlit Laptop",I have been used it for last 3 year and it's actually WOW
"hp-victus-15fd0572TU, FHD Camera w/Shutter, Backlit Laptop",.battery backup is not that good but ok and also minor heating issue due to exhaust at bottom of the laptop
"hp-victus-15fd0572TU, FHD Camera w/Shutter, Backlit Laptop",Overall the product is good as they show everything is having same specifications as shown
"hp-victus-15fd0572TU, FHD Camera w/Shutter, Backlit Laptop",All specifications as mentioned on Amazon of Laptop during the order are true.
"hp-victus-15fd0572TU, FHD Camera w/Shutter, Backlit Laptop","Baklit keyboard, RAM, SSD, processsor all are okay."
"hp-victus-15fd0572TU, FHD Camera w/Shutter, Backlit Laptop",But warranty period found 2 month less from the date of purchase when I checked online. This is only negative point.
"hp-victus-15fd0572TU, FHD Camera w/Shutter, Backlit Laptop",Your recently viewed items and featured recommendations
"hp-victus-15fd0572TU, FHD Camera w/Shutter, Backlit Laptop","After viewing product detail pages, look here to find an easy way to navigate back to pages you are interested in."
